{"cameraMode":{"drawMode":0,"name":"Shaded","section":"Shading Mode"},"sceneLighting":true,"audioPlay":false,"sceneViewState":{"m_AlwaysRefresh":false,"showFog":true,"showSkybox":true,"showFlares":true,"showImageEffects":true,"showParticleSystems":true,"showVisualEffectGraphs":true,"m_FxEnabled":true},"in2DMode":false,"pivot":{"x":21.904855728149415,"y":32.616355895996097,"z":-0.8127138614654541},"rotation":{"x":0.07459589093923569,"y":0.026021331548690797,"z":0.0019476236775517464,"w":-0.9968762993812561},"size":5.313082695007324,"orthographic":false}